insert into NhaCungCap values('NCC01','Nha Cung Cap 1','Dia Chi A','037403003')
insert into NhaCungCap values('NCC02','Nha Cung Cap 2','Dia Chi B','037373783')
set dateformat dmy
insert into NHANVIEN values('NV01',N'Mẫn Lỏ','Manlo123','123','21/09/2002',N'Nữ','037999999','Khu Công Nghiệp S','Nhân Viên')
insert into NHANVIEN values('NV02',N'Ánh Lỏ','Anhlo123','123','21/09/2002',N'Nam','03799999','Khu Công Nghiệp S','Nhân Viên')
insert into LoaiHang values('LH01',N'Phân Bón')
insert into LoaiHang values('LH02',N'Dụng Cụ')
insert into HangHoa values('HH01',N'Phân Kali','Hinh1.JPG','LH01','KG')
insert into HangHoa values('HH05',N'Phân Hữu cơ','Hinh1.JPG','LH01','KG')
insert into HangHoa values('HH02',N'Chậu Nhựa','Hinh2.JPG','LH02','Cái')
insert into HangHoa values('HH03',N'Chậu Cây','Hinh3.JPG','LH02','Cái')
insert into HangHoa values('HH04',N'Chậu Kiển','Hinh4.JPG','LH02','Cái')
insert into ChiTietLoaiHang values('CTLH01','HH01',N'Lớn',20000,44)
insert into ChiTietLoaiHang values('CTLH02','HH01',N'Vừa',30000,44)
insert into ChiTietLoaiHang values('CTLH03','HH02',N'Vừa',40000,24)
insert into ChiTietLoaiHang values('CTLH04','HH05',N'Vừa',50000,24)
insert into ChiTietLoaiHang values('CTLH05','HH05',N'Lớn',40000,24)
insert into ChiTietLoaiHang values('CTLH06','HH05',N'nhỏ',40000,24)
insert into GiaMatHang values('CTLH04',450000,12)
insert into GiaMatHang values('CTLH04',400000,15)
insert into GiaMatHang values('CTLH04',800000,1)

insert into GiaMatHang values('CTLH01',450000,50)
insert into GiaMatHang values('CTLH02',488000,70)
insert into NguonHang values('NCC01','CTLH01',440000)
insert into NguonHang values('NCC02','CTLH02',477000)
insert into PhieuDatHang values('PD01','NCC01','NV01',GETDATE(),65,0)
insert into PhieuDatHang values('PD02','NCC02','NV02',GETDATE(),64,0)
insert into PhieuGiaoHang values('PG01','PD01',GETDATE(),62,2598841,N'Chờ xác nhận')
insert into PhieuGiaoHang values('PG02','PD02',GETDATE(),62,2598841,N'Chờ xác nhận')
insert into ChiTietGiaoHang values('PG01','CTLH01',32)
insert into ChiTietGiaoHang values('PG02','CTLH02',12)
insert into ChiTietDatHang values('PD01','CTLH01',440000,33)
insert into ChiTietDatHang values('PD02','CTLH02',477000,43)
insert into KhachHang values('KH01',N'Tuấn Kha',N'Biệt Thự Hoàn Kim','0374043087')
insert into KhachHang values('KH02',N'Tuấn Khang',N'Biệt Thự Hoàn Hảo','0374049087')
insert into HoaDon values('HD01','NV01','KH01',GETDATE(),258546)
insert into HoaDon values('HD02','NV02','KH02',GETDATE(),258546)
insert into ChiTietHoaDon values('HD01','CTLH01',22,35522)
insert into ChiTietHoaDon values('HD02','CTLH02',12,35522)




